{
  "run_id": "manual_cfec83a3_new_o96_o320_20260323_piecewise30_h10_l20_sigma100",
  "sigma_losses": {
    "sigma_1": 0.06641696542501449,
    "sigma_5": 0.08694777861237526,
    "sigma_10": 0.10394430086016655,
    "sigma_100": 0.14540312588214874
  },
  "tc_extreme_scores": {
    "idalia": 0.909170521021669,
    "franklin": 0.7429388260786368
  },
  "spectra_mean_relative_l2": 0.025909065399708636,
  "spectra_relative_l2": {
    "10u": 0.029066868724821057,
    "10v": 0.03489220386859255,
    "2t": 0.0137681236057123
  },
  "surface_weighted_mse": 10671.348769595264
}