{
  "run_id": "manual_61cf1811_new_o96_o320_20260320_piecewise30_h10_l20_sigma100_ref",
  "sigma_losses": {
    "sigma_1": 0.0632024809718132,
    "sigma_5": 0.09485069140791894,
    "sigma_10": 0.11815888807177544,
    "sigma_100": 0.1716733068227768
  },
  "tc_extreme_scores": {
    "idalia": 0.9556910237708546,
    "franklin": 0.7008411571782394
  },
  "spectra_mean_relative_l2": 0.02601026097109736,
  "spectra_relative_l2": {
    "10u": 0.03000507801919354,
    "10v": 0.034942988090280666,
    "2t": 0.013082716803817862
  },
  "surface_weighted_mse": 10819.666365603596
}