{
  "n_member_samples_per_variable": 250,
  "n_prediction_files": 25,
  "total_weight": 14.0,
  "variables": {
    "10u": {
      "mean_mse": 5.745382093378681,
      "n_member_samples": 250,
      "normalized_weight": 0.17857142857142858,
      "weight": 2.5
    },
    "10v": {
      "mean_mse": 5.968905327620742,
      "n_member_samples": 250,
      "normalized_weight": 0.17857142857142858,
      "weight": 2.5
    },
    "2d": {
      "mean_mse": 3.097236212868348,
      "n_member_samples": 250,
      "normalized_weight": 0.14285714285714285,
      "weight": 2.0
    },
    "2t": {
      "mean_mse": 1.306646975397811,
      "n_member_samples": 250,
      "normalized_weight": 0.14285714285714285,
      "weight": 2.0
    },
    "msl": {
      "mean_mse": 44083.459165285254,
      "n_member_samples": 250,
      "normalized_weight": 0.14285714285714285,
      "weight": 2.0
    },
    "skt": {
      "mean_mse": 1.1726538835789038,
      "n_member_samples": 250,
      "normalized_weight": 0.03571428571428571,
      "weight": 0.5
    },
    "sp": {
      "mean_mse": 42163.96559746464,
      "n_member_samples": 250,
      "normalized_weight": 0.10714285714285714,
      "weight": 1.5
    },
    "tcw": {
      "mean_mse": 23.782579812079607,
      "n_member_samples": 250,
      "normalized_weight": 0.07142857142857142,
      "weight": 1.0
    }
  },
  "weighted_surface_mse": 10819.666365603596
}