{
  "run_id": "manual_59e4_300k",
  "sigma_losses": {
    "sigma_1": 0.060471906885504724,
    "sigma_5": 0.0814197264611721,
    "sigma_10": 0.09846289157867431,
    "sigma_100": 0.13990359604358674
  },
  "tc_extreme_scores": {
    "idalia": 0.9667057071226741,
    "idalia_enfo_dev": 0.04796907873542122,
    "franklin": 0.9694371225390463,
    "franklin_enfo_dev": 0.027811265940516597
  },
  "surface_weighted_mse": 10588.762470329488
}