{
  "method": "ecmwf_mean_curve_reference_weighted_l2",
  "relative_to": "",
  "spectra_output_dir": "/home/ecm5702/perm/eval/manual_59e4_300k/data/spectra_step120_5dates_m10",
  "scoreboard_fields": [
    "10u",
    "10v",
    "2t",
    "msl",
    "t_850",
    "z_500"
  ],
  "score_wavenumber_min_exclusive": 100.0,
  "mean_relative_l2": 0.02570648171079502,
  "coverage": "50 curves",
  "10u": {
    "relative_l2_mean_curve": 0.02353510061505046,
    "n_curves": 50
  },
  "10v": {
    "relative_l2_mean_curve": 0.019288543658775827,
    "n_curves": 50
  },
  "2t": {
    "relative_l2_mean_curve": 0.015143751757661783,
    "n_curves": 50
  },
  "msl": {
    "relative_l2_mean_curve": 0.016732970496010177,
    "n_curves": 50
  },
  "t_850": {
    "relative_l2_mean_curve": 0.02523872594858434,
    "n_curves": 50
  },
  "z_500": {
    "relative_l2_mean_curve": 0.05429979778868753,
    "n_curves": 50
  }
}