{
  "n_member_samples_per_variable": 250,
  "n_prediction_files": 25,
  "total_weight": 14.0,
  "variables": {
    "10u": {
      "mean_mse": 5.529144685510983,
      "n_member_samples": 250,
      "normalized_weight": 0.17857142857142858,
      "weight": 2.5
    },
    "10v": {
      "mean_mse": 5.75413296419856,
      "n_member_samples": 250,
      "normalized_weight": 0.17857142857142858,
      "weight": 2.5
    },
    "2d": {
      "mean_mse": 2.9850433610748763,
      "n_member_samples": 250,
      "normalized_weight": 0.14285714285714285,
      "weight": 2.0
    },
    "2t": {
      "mean_mse": 1.244234121012436,
      "n_member_samples": 250,
      "normalized_weight": 0.14285714285714285,
      "weight": 2.0
    },
    "msl": {
      "mean_mse": 43131.7660042253,
      "n_member_samples": 250,
      "normalized_weight": 0.14285714285714285,
      "weight": 2.0
    },
    "skt": {
      "mean_mse": 1.0660068660633564,
      "n_member_samples": 250,
      "normalized_weight": 0.03571428571428571,
      "weight": 0.5
    },
    "sp": {
      "mean_mse": 41279.089006651855,
      "n_member_samples": 250,
      "normalized_weight": 0.10714285714285714,
      "weight": 1.5
    },
    "tcw": {
      "mean_mse": 23.309313662970233,
      "n_member_samples": 250,
      "normalized_weight": 0.07142857142857142,
      "weight": 1.0
    }
  },
  "weighted_surface_mse": 10588.762470329488
}