{
  "run_id": "manual_cfec83a3_new_o96_o320_20260320_oldlike200k",
  "sigma_losses": {
    "sigma_1": 0.06641222611069679,
    "sigma_5": 0.08693567216396332,
    "sigma_10": 0.10379149727523326,
    "sigma_100": 0.14490795508027077
  },
  "tc_extreme_scores": {
    "idalia": 0.9193554831620231,
    "franklin": 0.7949258459938029
  },
  "spectra_mean_relative_l2": 0.02567900548660594,
  "spectra_relative_l2": {
    "10u": 0.029690558311271133,
    "10v": 0.03406501645651626,
    "2t": 0.01328144169203043
  },
  "surface_weighted_mse": 10646.679560246506
}