{
  "n_member_samples_per_variable": 250,
  "n_prediction_files": 25,
  "total_weight": 14.0,
  "variables": {
    "10u": {
      "mean_mse": 5.5546851787597085,
      "n_member_samples": 250,
      "normalized_weight": 0.17857142857142858,
      "weight": 2.5
    },
    "10v": {
      "mean_mse": 5.781901319993603,
      "n_member_samples": 250,
      "normalized_weight": 0.17857142857142858,
      "weight": 2.5
    },
    "2d": {
      "mean_mse": 2.9984980458764876,
      "n_member_samples": 250,
      "normalized_weight": 0.14285714285714285,
      "weight": 2.0
    },
    "2t": {
      "mean_mse": 1.2622207006943458,
      "n_member_samples": 250,
      "normalized_weight": 0.14285714285714285,
      "weight": 2.0
    },
    "msl": {
      "mean_mse": 43257.24235631163,
      "n_member_samples": 250,
      "normalized_weight": 0.14285714285714285,
      "weight": 2.0
    },
    "skt": {
      "mean_mse": 1.1160547869421498,
      "n_member_samples": 250,
      "normalized_weight": 0.03571428571428571,
      "weight": 0.5
    },
    "sp": {
      "mean_mse": 41652.18473128411,
      "n_member_samples": 250,
      "normalized_weight": 0.10714285714285714,
      "weight": 1.5
    },
    "tcw": {
      "mean_mse": 23.331102768152718,
      "n_member_samples": 250,
      "normalized_weight": 0.07142857142857142,
      "weight": 1.0
    }
  },
  "weighted_surface_mse": 10646.679560246506
}