{
  "run_id": "manual_59e40596_new_o96_o320_20260422_pw21_t10_h5_l16",
  "sigma_losses": {
    "sigma_1": 0.060471906885504724,
    "sigma_5": 0.0814197264611721,
    "sigma_10": 0.09846289157867431,
    "sigma_100": 0.13990359604358674
  },
  "tc_extreme_scores": {
    "idalia": 0.9630813562689076,
    "idalia_enfo_dev": 0.08796438941170004,
    "franklin": 0.9641641487316128,
    "franklin_enfo_dev": 0.05037146447909024
  },
  "spectra_mean_relative_l2": 0.049362921429180334,
  "spectra_relative_l2": {
    "10u": 0.028151332279515363,
    "10v": 0.02889702362585914,
    "2t": 0.043063477860586084,
    "msl": 0.02128707875582791,
    "t_850": 0.04307707427913372,
    "z_500": 0.13170154177415977
  },
  "surface_weighted_mse": 10587.422617505967,
  "surface_weighted_nmse": 0.09522646961033453
}